0,228,95,162,361,81,0,0
0,231,96,160,358,80,0,0
0,229,105,152,356,71,0,0
0,234,105,150,351,73,0,0
0,233,109,147,351,68,0,0
0,232,108,148,352,69,0,0
0,232,108,148,352,69,0,0
0,233,108,148,351,69,0,0
0,232,107,149,352,70,0,0
0,233,107,149,351,70,0,0
0,231,107,149,353,70,0,0
0,232,106,150,353,71,0,0
0,233,107,149,351,70,0,0
0,232,107,149,352,70,0,0
0,233,106,150,352,71,0,0
0,232,107,149,352,70,0,0
0,233,107,149,351,70,0,0
0,233,108,148,351,69,0,0
0,230,109,148,353,68,0,0
0,228,112,145,354,64,0,0
0,229,115,142,352,61,0,0
0,227,117,141,353,59,0,0
0,222,121,139,357,54,0,0
0,215,122,141,363,52,0,0
0,211,125,139,366,49,0,0
0,214,122,141,364,52,0,0
0,207,124,142,370,50,0,0
0,202,128,141,373,46,0,0
0,198,129,142,377,46,0,0
0,193,131,143,381,46,0,0
0,186,131,147,388,49,0,0
0,194,134,140,379,43,0,0
0,183,131,149,391,50,0,0
0,183,131,149,391,50,0,0
0,183,131,149,391,50,0,0
0,183,151,133,385,35,0,0
0,183,151,133,385,35,0,0
0,195,148,128,374,30,0,0
0,195,148,128,374,30,0,0
0,195,148,128,374,30,0,0
0,182,154,132,386,34,0,0
0,184,156,129,383,31,0,0
0,196,153,124,372,25,0,0
0,200,152,122,369,24,0,0
0,201,152,121,368,23,0,0
0,204,154,118,364,20,0,0
0,205,157,115,363,17,0,0
0,205,155,117,363,19,0,0
0,206,158,114,361,16,0,0
0,209,159,111,358,15,0,0
0,212,162,107,355,12,0,0
0,213,162,106,354,12,0,0
0,216,163,104,351,12,0,0
0,219,169,97,346,10,0,0
0,218,169,98,347,9,0,0
0,226,173,90,339,16,0,0
0,235,172,87,330,25,0,0
0,231,170,90,334,21,0,0
0,230,170,91,335,20,0,0
0,234,171,88,331,24,0,0
0,235,171,88,330,25,0,0
0,238,171,86,327,28,0,0
0,235,172,87,330,25,0,0
0,232,170,90,333,22,0,0
0,234,175,84,330,24,0,0
0,232,174,86,333,22,0,0
0,233,173,87,332,23,0,0
0,229,173,89,336,19,0,0
0,232,175,85,332,22,0,0
0,230,174,87,334,20,0,0
0,232,175,85,332,22,0,0
0,237,177,81,327,27,0,0
0,234,175,84,330,24,0,0
0,234,175,84,330,24,0,0
0,232,174,86,333,22,0,0
0,234,172,87,331,24,0,0
0,231,171,89,334,21,0,0
0,228,171,91,337,18,0,0
0,224,168,95,342,15,0,0
0,221,170,95,344,11,0,0
0,217,170,97,348,8,0,0
0,216,168,100,349,8,0,0
0,215,164,104,351,11,0,0
0,216,164,103,350,11,0,0
0,216,167,100,350,9,0,0
0,216,171,97,349,6,0,0
0,217,166,101,349,10,0,0
0,218,169,98,347,9,0,0
0,218,165,101,348,12,0,0
0,217,166,101,349,10,0,0
0,214,166,102,352,8,0,0
0,212,164,105,354,10,0,0
0,211,161,108,356,13,0,0
0,210,164,106,356,10,0,0
0,209,167,105,356,7,0,0
0,209,167,105,356,7,0,0
0,208,174,100,356,2,0,0
0,204,172,104,360,6,0,0
0,202,170,107,363,8,0,0
0,200,170,108,365,10,0,0
0,192,170,113,373,18,0,0
0,181,197,105,379,37,0,0
0,182,196,105,378,35,0,0
0,180,191,109,381,34,0,0
0,177,188,113,384,35,0,0
0,177,196,109,383,39,0,0
0,173,215,105,385,55,0,0
0,171,222,105,387,61,0,0
0,170,223,105,388,63,0,0
0,168,226,106,390,66,0,0
0,166,226,108,392,68,0,0
0,163,220,113,395,65,0,0
0,158,227,116,400,74,0,0
0,155,233,118,403,80,0,0
0,150,245,122,408,92,0,0
0,140,253,132,418,105,0,0
0,138,259,134,420,111,0,0
0,128,263,144,430,121,0,0
0,127,271,146,431,127,0,0
0,127,271,146,431,127,0,0
0,114,273,159,445,137,0,0
0,101,275,172,458,148,0,0
0,99,278,175,460,152,0,0
0,97,281,177,462,155,0,0
0,96,288,179,464,161,0,0
0,96,288,179,464,161,0,0
0,96,288,179,464,161,0,0
0,96,288,179,464,161,0,0
0,96,288,179,464,161,0,0
0,96,288,179,464,161,0,0
0,96,288,179,464,161,0,0
0,96,288,179,464,161,0,0
0,96,288,179,464,161,0,0
0,96,288,179,464,161,0,0
0,96,288,179,464,161,0,0
0,96,288,179,464,161,0,0
0,96,288,179,464,161,0,0
0,96,288,179,464,161,0,0
0,96,288,179,464,161,0,0
0,96,288,179,464,161,0,0
0,96,288,179,464,161,0,0
0,96,288,179,464,161,0,0
0,96,288,179,464,161,0,0
0,96,288,179,464,161,0,0
0,96,288,179,464,161,0,0
0,96,288,179,464,161,0,0
0,96,288,179,464,161,0,0
0,96,288,179,464,161,0,0
0,96,288,179,464,161,0,0
0,386,264,114,173,197,0,0
0,392,265,120,167,203,0,0
0,395,264,123,164,205,0,0
0,412,263,140,147,220,0,0
0,422,254,150,136,226,0,0
0,422,254,150,136,226,0,0
0,433,249,161,125,235,0,0
0,440,246,168,118,241,0,0
0,445,242,173,113,244,0,0
0,450,234,178,108,247,0,0
0,450,233,178,108,247,0,0
0,450,234,178,108,247,0,0
0,452,232,181,106,248,0,0
0,458,232,186,100,254,0,0
0,462,221,192,98,256,0,0
0,471,219,201,89,264,0,0
0,476,212,207,87,268,0,0
0,480,214,211,82,272,0,0
0,480,210,212,84,272,0,0
0,484,213,215,79,276,0,0
0,484,213,215,79,276,0,0
0,490,212,221,74,282,0,0
0,496,209,227,70,288,0,0
0,502,209,233,65,294,0,0
0,507,205,239,63,298,0,0
0,521,205,253,52,312,0,0
0,523,205,255,50,314,0,0
0,528,206,259,46,319,0,0
0,531,203,263,47,322,0,0
0,532,198,265,51,322,0,0
0,532,199,265,50,322,0,0
0,531,201,263,49,322,0,0
0,535,201,267,47,326,0,0
0,536,201,268,46,327,0,0
0,532,198,265,51,322,0,0
0,532,199,265,50,322,0,0
0,534,200,266,48,325,0,0
0,536,201,268,46,327,0,0
0,534,202,266,46,325,0,0
0,534,201,266,47,325,0,0
0,538,200,270,46,329,0,0
0,538,201,270,45,329,0,0
0,539,201,271,45,330,0,0
0,537,200,269,46,328,0,0
0,537,200,269,46,328,0,0
0,538,200,270,46,329,0,0
0,540,201,272,44,331,0,0
0,536,200,268,47,327,0,0
0,539,200,271,46,330,0,0
0,537,200,269,46,328,0,0
0,537,200,269,46,328,0,0
0,536,200,268,47,327,0,0
0,536,199,269,48,326,0,0
0,534,200,266,48,325,0,0
0,534,200,266,48,325,0,0
0,536,200,268,47,327,0,0
0,534,200,266,48,325,0,0
0,534,200,266,48,325,0,0
0,535,202,267,46,326,0,0
0,534,200,266,48,325,0,0
0,534,199,267,49,324,0,0
0,535,200,267,47,326,0,0
0,534,200,266,48,325,0,0
0,534,201,266,47,325,0,0
0,532,198,265,51,322,0,0
0,531,197,264,52,321,0,0
0,531,199,264,50,321,0,0
0,530,197,263,53,320,0,0
0,530,196,263,53,320,0,0
0,536,201,268,46,327,0,0
0,537,206,268,41,328,0,0
0,529,203,261,48,320,0,0
0,528,198,261,53,318,0,0
0,529,201,261,50,320,0,0
0,502,195,236,73,292,0,0
0,498,198,232,74,288,0,0
0,496,204,228,72,287,0,0
0,499,200,232,72,290,0,0
0,499,192,234,77,289,0,0
0,499,195,233,75,289,0,0
0,498,199,231,73,289,0,0
0,497,205,229,71,288,0,0
0,497,208,229,69,289,0,0
0,495,211,226,70,287,0,0
0,493,217,223,69,286,0,0
0,488,212,219,76,280,0,0
0,487,219,217,74,280,0,0
0,483,215,214,79,276,0,0
0,481,220,211,80,274,0,0
0,476,218,206,85,269,0,0
0,471,221,201,89,265,0,0
0,465,220,195,95,259,0,0
0,460,222,190,100,254,0,0
0,455,222,185,104,249,0,0
0,446,221,176,113,240,0,0
0,441,223,171,118,236,0,0
0,439,223,169,120,234,0,0
0,436,225,166,123,231,0,0
0,437,227,166,121,233,0,0
0,435,232,164,123,232,0,0
0,434,228,163,124,230,0,0
0,431,228,160,127,227,0,0
0,432,236,160,126,230,0,0
0,430,237,158,128,228,0,0
0,428,238,156,130,227,0,0
0,430,241,158,128,229,0,0
0,431,246,159,127,232,0,0
0,433,249,161,125,235,0,0
0,437,252,165,121,240,0,0
0,438,255,166,120,241,0,0
0,444,259,172,115,248,0,0
0,447,258,175,112,251,0,0
0,447,262,175,112,252,0,0
0,448,266,176,112,255,0,0
0,446,269,174,115,254,0,0
0,442,270,171,119,251,0,0
0,442,270,171,119,251,0,0
0,442,270,171,119,251,0,0
0,421,292,154,145,241,0,0
0,404,295,139,162,228,0,0
0,389,301,127,179,219,0,0
0,369,304,110,198,205,0,0
0,344,308,91,223,189,0,0
0,344,308,91,223,189,0,0
0,344,308,91,223,189,0,0
0,344,308,91,223,189,0,0
0,344,308,91,223,189,0,0
0,344,308,91,223,189,0,0
0,344,308,91,223,189,0,0
0,344,308,91,223,189,0,0
0,344,308,91,223,189,0,0
0,344,308,91,223,189,0,0
0,344,308,91,223,189,0,0
0,344,308,91,223,189,0,0
0,344,308,91,223,189,0,0
0,344,308,91,223,189,0,0
0,344,308,91,223,189,0,0
0,344,308,91,223,189,0,0
0,344,308,91,223,189,0,0
0,344,308,91,223,189,0,0
0,344,308,91,223,189,0,0
0,103,279,171,456,149,0,0
0,100,276,173,459,150,0,0
0,98,273,175,461,149,0,0
0,98,271,175,460,148,0,0
0,98,267,174,460,145,0,0
0,95,262,177,463,144,0,0
0,103,257,169,455,135,0,0
0,112,253,160,446,125,0,0
0,112,251,160,446,124,0,0
0,118,251,154,440,119,0,0
0,123,246,149,435,112,0,0
0,123,246,149,435,112,0,0
0,136,240,136,422,99,0,0
0,142,237,130,416,92,0,0
0,145,233,128,413,87,0,0
0,145,229,128,413,85,0,0
0,148,227,126,410,81,0,0
0,159,221,116,399,69,0,0
0,160,219,116,398,67,0,0
0,164,213,114,395,60,0,0
0,165,213,113,394,59,0,0
0,169,209,111,390,53,0,0
0,172,195,114,388,43,0,0
0,174,183,119,388,37,0,0
0,175,182,119,387,35,0,0
0,178,179,118,385,32,0,0
0,178,178,119,385,32,0,0
0,180,176,118,383,30,0,0
0,179,172,122,385,31,0,0
0,179,166,125,386,32,0,0
0,181,164,125,384,30,0,0
0,181,164,125,384,30,0,0
0,181,164,125,384,30,0,0
0,181,164,125,384,30,0,0
0,181,164,125,384,30,0,0
0,198,137,135,375,38,0,0
0,197,131,141,377,44,0,0
0,199,132,139,375,43,0,0
0,198,132,140,376,43,0,0
0,199,132,139,375,43,0,0
0,198,128,143,377,47,0,0
0,199,123,147,378,52,0,0
0,198,118,152,380,57,0,0
0,198,118,152,380,57,0,0
0,198,114,155,382,61,0,0
0,197,113,157,383,62,0,0
0,199,114,155,381,61,0,0
0,200,114,154,380,60,0,0
0,200,113,155,380,61,0,0
0,201,114,154,379,60,0,0
0,201,114,154,379,60,0,0
0,201,114,154,379,60,0,0
0,201,114,154,379,60,0,0
0,201,114,154,379,60,0,0
0,201,114,154,379,60,0,0
0,201,114,154,379,60,0,0
0,201,114,154,379,60,0,0
0,201,114,154,379,60,0,0
0,201,114,154,379,60,0,0
0,201,114,154,379,60,0,0
0,201,114,154,379,60,0,0
0,201,114,154,379,60,0,0
0,188,86,185,401,90,0,0
0,188,86,185,401,90,0,0
0,188,86,185,401,90,0,0
0,188,86,185,401,90,0,0
0,188,86,185,401,90,0,0
0,188,86,185,401,90,0,0
0,188,86,185,401,90,0,0
0,188,86,185,401,90,0,0
0,157,87,200,429,101,0,0
0,157,87,200,429,101,0,0
0,157,87,200,429,101,0,0
0,157,87,200,429,101,0,0
0,157,87,200,429,101,0,0
0,157,87,200,429,101,0,0
0,157,87,200,429,101,0,0
0,157,87,200,429,101,0,0
0,157,87,200,429,101,0,0
0,157,87,200,429,101,0,0
0,157,87,200,429,101,0,0
0,157,87,200,429,101,0,0
0,157,87,200,429,101,0,0
0,157,87,200,429,101,0,0
0,157,87,200,429,101,0,0
0,157,87,200,429,101,0,0
0,157,87,200,429,101,0,0
0,157,87,200,429,101,0,0
0,157,87,200,429,101,0,0
0,157,87,200,429,101,0,0
0,157,87,200,429,101,0,0
0,157,87,200,429,101,0,0
0,157,87,200,429,101,0,0
0,157,87,200,429,101,0,0
0,157,87,200,429,101,0,0
0,157,87,200,429,101,0,0
0,157,87,200,429,101,0,0
0,157,87,200,429,101,0,0
0,157,87,200,429,101,0,0
0,157,87,200,429,101,0,0
0,157,87,200,429,101,0,0
0,157,87,200,429,101,0,0
0,157,87,200,429,101,0,0
0,157,87,200,429,101,0,0
0,157,87,200,429,101,0,0
0,157,87,200,429,101,0,0
0,157,87,200,429,101,0,0
0,157,87,200,429,101,0,0
0,157,87,200,429,101,0,0
0,157,87,200,429,101,0,0
0,157,87,200,429,101,0,0
0,157,87,200,429,101,0,0
0,157,87,200,429,101,0,0
0,157,87,200,429,101,0,0
0,157,87,200,429,101,0,0
0,157,87,200,429,101,0,0
0,157,87,200,429,101,0,0
0,157,87,200,429,101,0,0
0,157,87,200,429,101,0,0
0,157,87,200,429,101,0,0
0,157,87,200,429,101,0,0
0,157,87,200,429,101,0,0
0,157,87,200,429,101,0,0
0,157,87,200,429,101,0,0
0,157,87,200,429,101,0,0
0,157,87,200,429,101,0,0
0,157,87,200,429,101,0,0
0,157,87,200,429,101,0,0
0,157,87,200,429,101,0,0
0,157,87,200,429,101,0,0
0,157,87,200,429,101,0,0
0,157,87,200,429,101,0,0
0,157,87,200,429,101,0,0
0,157,87,200,429,101,0,0
0,157,87,200,429,101,0,0
0,157,87,200,429,101,0,0
0,157,87,200,429,101,0,0
0,157,87,200,429,101,0,0
0,157,87,200,429,101,0,0
0,173,74,202,420,106,0,0
0,175,80,196,415,100,0,0
0,180,85,189,409,93,0,0
0,183,88,185,405,90,0,0
0,184,89,184,404,88,0,0
0,185,83,189,405,94,0,0
0,185,83,189,405,94,0,0
0,185,83,189,405,94,0,0
0,185,83,189,405,94,0,0
0,185,83,189,405,94,0,0
0,185,83,189,405,94,0,0
0,212,88,173,378,86,0,0
0,215,89,171,375,85,0,0
0,215,89,171,375,85,0,0
0,215,89,171,375,85,0,0
0,215,89,171,375,85,0,0
0,215,89,171,375,85,0,0
0,215,89,171,375,85,0,0
0,215,89,171,375,85,0,0
0,215,89,171,375,85,0,0
0,215,89,171,375,85,0,0
0,215,89,171,375,85,0,0
0,215,89,171,375,85,0,0
0,215,89,171,375,85,0,0
0,236,109,146,348,70,0,0
0,236,109,146,348,70,0,0
0,236,109,146,348,70,0,0
0,236,109,146,348,70,0,0
0,234,110,146,349,68,0,0
0,233,110,146,350,68,0,0
0,231,109,147,353,68,0,0
0,229,112,145,353,64,0,0
0,227,113,145,355,63,0,0
0,225,116,142,356,59,0,0
0,216,117,145,364,57,0,0
0,216,117,145,364,57,0,0
0,216,117,145,364,57,0,0
0,203,118,149,376,56,0,0
0,203,120,148,375,54,0,0
0,198,119,151,380,56,0,0
0,199,120,149,379,55,0,0
0,197,120,150,381,55,0,0
0,191,122,152,386,55,0,0
0,191,122,152,386,55,0,0
0,185,130,149,389,50,0,0
0,185,132,147,388,48,0,0
0,185,132,147,388,48,0,0
0,185,132,147,388,48,0,0
0,185,132,147,388,48,0,0
0,185,132,147,388,48,0,0
0,185,132,147,388,48,0,0
0,179,143,142,391,43,0,0
0,180,145,140,390,41,0,0
0,178,154,135,390,37,0,0
0,178,167,126,387,32,0,0
0,180,172,121,384,30,0,0
0,180,172,121,384,30,0,0
0,179,173,121,385,31,0,0
0,179,173,121,385,31,0,0
0,178,181,117,384,32,0,0
0,177,185,115,385,34,0,0
0,178,186,114,384,34,0,0
0,177,187,114,384,35,0,0
0,177,191,112,384,37,0,0
0,182,196,105,378,35,0,0
0,183,205,100,376,41,0,0
0,183,206,99,376,41,0,0
0,183,206,99,376,41,0,0
0,183,206,99,376,41,0,0
0,183,206,99,376,41,0,0
0,196,209,86,363,37,0,0
0,200,214,80,359,41,0,0
0,202,210,81,357,36,0,0
0,210,216,71,348,42,0,0
0,215,217,66,343,43,0,0
0,218,223,60,340,49,0,0
0,224,224,55,334,51,0,0
0,223,226,55,335,53,0,0
0,224,226,54,334,53,0,0
0,225,227,52,333,55,0,0
0,225,228,52,333,56,0,0
0,225,227,52,333,55,0,0
0,223,227,54,335,54,0,0
0,223,227,54,335,54,0,0
0,224,226,54,334,53,0,0
0,223,224,55,335,51,0,0
0,223,224,55,335,51,0,0
0,224,222,56,334,50,0,0
0,223,221,57,335,48,0,0
0,222,220,58,336,47,0,0
0,220,219,61,338,46,0,0
0,220,219,61,338,46,0,0
0,214,219,66,344,45,0,0
0,206,218,73,352,44,0,0
0,203,218,76,355,44,0,0
0,203,218,76,355,44,0,0
0,203,218,76,355,44,0,0
0,183,228,91,375,60,0,0
0,183,230,91,375,62,0,0
0,184,231,90,374,62,0,0
0,179,232,94,379,65,0,0
0,174,235,99,384,70,0,0
0,168,238,104,390,76,0,0
0,161,239,111,397,81,0,0
0,154,240,118,404,86,0,0
0,153,248,119,405,93,0,0
0,146,251,126,412,100,0,0
0,141,251,131,417,103,0,0
0,139,256,133,419,108,0,0
0,139,258,133,419,109,0,0
0,136,261,136,422,114,0,0
0,130,270,143,428,124,0,0
0,129,274,144,430,128,0,0
0,125,276,149,434,132,0,0
0,121,278,153,438,136,0,0
0,113,282,161,446,145,0,0
0,110,285,165,450,149,0,0
0,107,290,169,453,155,0,0
0,107,290,169,453,155,0,0
0,107,290,169,453,155,0,0
0,107,290,169,453,155,0,0
0,107,290,169,453,155,0,0
0,107,290,169,453,155,0,0
0,107,290,169,453,155,0,0
0,107,290,169,453,155,0,0
0,107,290,169,453,155,0,0
0,107,290,169,453,155,0,0
0,107,290,169,453,155,0,0
0,107,290,169,453,155,0,0
0,107,290,169,453,155,0,0
0,107,290,169,453,155,0,0
0,107,290,169,453,155,0,0
0,107,290,169,453,155,0,0
0,107,290,169,453,155,0,0
0,107,290,169,453,155,0,0
0,107,290,169,453,155,0,0
0,107,290,169,453,155,0,0
0,107,290,169,453,155,0,0
0,107,290,169,453,155,0,0
0,107,290,169,453,155,0,0
0,107,290,169,453,155,0,0
0,107,290,169,453,155,0,0
0,410,282,141,153,227,0,0
0,419,278,149,143,233,0,0
0,430,275,159,132,242,0,0
0,434,269,162,126,243,0,0
0,437,267,165,123,245,0,0
0,444,263,172,115,250,0,0
0,442,255,170,116,245,0,0
0,445,251,173,113,247,0,0
0,445,242,173,113,244,0,0
0,448,239,176,110,246,0,0
0,450,235,178,108,247,0,0
0,453,235,181,105,250,0,0
0,453,232,181,105,249,0,0
0,453,232,181,105,249,0,0
0,453,232,181,105,249,0,0
0,487,222,216,73,281,0,0
0,487,222,216,73,281,0,0
0,487,222,216,73,281,0,0
0,487,222,216,73,281,0,0
0,487,222,216,73,281,0,0
0,520,218,250,44,313,0,0
0,523,218,253,42,316,0,0
0,523,218,253,42,316,0,0
0,523,218,253,42,316,0,0
0,526,213,256,43,318,0,0
0,527,211,258,43,319,0,0
0,531,209,262,42,322,0,0
0,534,205,266,44,325,0,0
0,537,202,269,45,328,0,0
0,535,202,267,46,326,0,0
0,534,201,266,47,325,0,0
0,535,201,267,47,326,0,0
0,538,202,270,44,329,0,0
0,538,204,270,42,329,0,0
0,535,204,267,44,326,0,0
0,537,202,269,45,328,0,0
0,537,202,269,45,328,0,0
0,540,203,272,42,331,0,0
0,540,204,272,42,331,0,0
0,537,204,269,43,328,0,0
0,538,204,270,42,329,0,0
0,538,205,269,42,329,0,0
0,538,205,269,42,329,0,0
0,537,205,268,42,328,0,0
0,537,204,269,43,328,0,0
0,539,203,271,43,330,0,0
0,541,205,272,40,332,0,0
0,542,205,273,40,333,0,0
0,542,204,274,41,333,0,0
0,542,203,274,42,333,0,0
0,543,203,275,41,334,0,0
0,543,203,275,41,334,0,0
0,542,204,274,41,333,0,0
0,542,204,274,41,333,0,0
0,541,204,273,41,332,0,0
0,541,203,273,42,332,0,0
0,541,204,273,41,332,0,0
0,544,204,276,40,335,0,0
0,543,203,275,41,334,0,0
0,541,204,273,41,332,0,0
0,542,205,273,40,333,0,0
0,545,205,276,39,336,0,0
0,546,206,277,37,337,0,0
0,546,206,277,37,337,0,0
0,546,205,277,38,337,0,0
0,546,205,277,38,337,0,0
0,547,203,279,40,338,0,0
0,548,202,280,41,339,0,0
0,548,200,280,43,338,0,0
0,546,200,278,43,337,0,0
0,542,199,274,45,332,0,0
0,539,199,272,47,329,0,0
0,544,198,277,46,334,0,0
0,547,199,279,44,337,0,0
0,548,197,281,46,338,0,0
0,544,196,277,48,334,0,0
0,545,194,278,49,335,0,0
0,544,198,277,46,334,0,0
0,541,201,273,44,332,0,0
0,535,198,268,49,325,0,0
0,525,193,259,59,315,0,0
0,528,200,261,51,319,0,0
0,493,195,227,80,283,0,0
0,485,195,220,86,275,0,0
0,486,189,222,89,276,0,0
0,483,188,220,92,273,0,0
0,478,192,214,94,268,0,0
0,474,192,210,97,264,0,0
0,468,195,203,101,258,0,0
0,466,204,199,99,257,0,0
0,462,209,194,101,254,0,0
0,459,211,191,103,251,0,0
0,455,215,186,106,248,0,0
0,449,221,179,111,243,0,0
0,443,227,172,115,238,0,0
0,441,233,169,117,238,0,0
0,439,235,167,119,236,0,0
0,441,237,169,117,239,0,0
0,437,238,165,121,235,0,0
0,438,240,166,120,237,0,0
0,441,239,169,117,239,0,0
0,441,250,169,117,243,0,0
0,442,256,170,116,246,0,0
0,439,260,167,120,244,0,0
0,433,264,161,126,240,0,0
0,423,270,152,137,233,0,0
0,411,272,140,150,223,0,0
0,401,279,132,161,217,0,0
0,392,282,123,170,211,0,0
0,386,287,119,177,209,0,0
0,375,294,111,190,204,0,0
0,351,298,91,214,187,0,0
0,351,298,91,214,187,0,0
0,351,298,91,214,187,0,0
0,351,298,91,214,187,0,0
0,351,298,91,214,187,0,0
0,351,298,91,214,187,0,0
0,351,298,91,214,187,0,0
0,351,298,91,214,187,0,0
0,351,298,91,214,187,0,0
0,351,298,91,214,187,0,0
0,351,298,91,214,187,0,0
0,351,298,91,214,187,0,0
0,351,298,91,214,187,0,0
0,351,298,91,214,187,0,0
0,351,298,91,214,187,0,0
0,351,298,91,214,187,0,0
0,152,292,126,409,131,0,0
0,144,288,133,416,131,0,0
0,144,288,133,416,131,0,0
0,144,288,133,416,131,0,0
0,144,288,133,416,131,0,0
0,122,274,151,437,133,0,0
0,117,269,156,441,132,0,0
0,112,264,160,446,133,0,0
0,120,258,152,438,123,0,0
0,121,254,151,437,119,0,0
0,121,253,151,437,119,0,0
0,134,250,138,424,107,0,0
0,134,250,138,424,107,0,0
0,138,246,134,420,101,0,0
0,143,238,129,415,92,0,0
0,147,236,125,411,88,0,0
0,152,234,121,406,83,0,0
0,157,231,116,401,77,0,0
0,163,228,111,395,71,0,0
0,165,225,110,393,68,0,0
0,167,225,108,391,66,0,0
0,168,220,108,390,62,0,0
0,168,210,111,391,55,0,0
0,171,202,112,389,48,0,0
0,173,190,116,388,40,0,0
0,174,189,115,387,39,0,0
0,175,193,113,386,39,0,0
0,176,186,115,386,36,0,0
0,178,186,114,384,34,0,0
0,179,180,117,384,31,0,0
0,180,171,121,384,30,0,0
0,182,165,124,383,29,0,0
0,183,161,126,383,29,0,0
0,182,154,132,386,34,0,0
0,182,149,136,387,37,0,0
0,182,149,136,387,37,0,0
0,182,149,136,387,37,0,0
0,182,149,136,387,37,0,0
0,182,149,136,387,37,0,0
0,182,149,136,387,37,0,0
0,200,132,139,374,43,0,0
0,201,123,146,376,51,0,0
0,203,121,147,375,53,0,0
0,203,114,153,377,60,0,0
0,203,114,153,377,60,0,0
0,203,114,153,377,60,0,0
0,203,114,153,377,60,0,0
0,203,114,153,377,60,0,0
0,203,114,153,377,60,0,0
0,203,114,153,377,60,0,0
0,203,114,153,377,60,0,0
0,203,114,153,377,60,0,0
0,203,114,153,377,60,0,0
0,203,114,153,377,60,0,0
0,203,114,153,377,60,0,0
0,203,114,153,377,60,0,0
0,186,93,179,400,84,0,0
0,181,90,184,406,88,0,0
0,181,90,184,406,88,0,0
0,181,90,184,406,88,0,0
0,181,90,184,406,88,0,0
0,181,90,184,406,88,0,0
0,181,90,184,406,88,0,0
0,181,90,184,406,88,0,0
0,181,90,184,406,88,0,0
0,181,90,184,406,88,0,0
0,181,90,184,406,88,0,0
0,181,90,184,406,88,0,0
0,181,90,184,406,88,0,0
0,181,90,184,406,88,0,0
0,181,90,184,406,88,0,0
0,181,90,184,406,88,0,0
0,181,90,184,406,88,0,0
0,181,90,184,406,88,0,0
0,181,90,184,406,88,0,0
0,181,90,184,406,88,0,0
0,181,90,184,406,88,0,0
0,181,90,184,406,88,0,0
0,181,90,184,406,88,0,0
0,181,90,184,406,88,0,0
0,181,90,184,406,88,0,0
0,181,90,184,406,88,0,0
0,181,90,184,406,88,0,0
0,181,90,184,406,88,0,0
0,181,90,184,406,88,0,0
0,181,90,184,406,88,0,0
0,181,90,184,406,88,0,0
0,181,90,184,406,88,0,0
0,181,90,184,406,88,0,0
0,181,90,184,406,88,0,0
0,181,90,184,406,88,0,0
0,181,90,184,406,88,0,0
0,181,90,184,406,88,0,0
0,181,90,184,406,88,0,0
0,181,90,184,406,88,0,0
0,181,90,184,406,88,0,0
0,181,90,184,406,88,0,0
0,181,90,184,406,88,0,0
0,181,90,184,406,88,0,0
0,181,90,184,406,88,0,0
0,181,90,184,406,88,0,0
0,181,90,184,406,88,0,0
0,181,90,184,406,88,0,0
0,177,82,193,413,97,0,0
0,182,83,190,408,95,0,0
0,185,84,188,405,93,0,0
0,184,84,188,406,93,0,0
0,187,84,187,403,92,0,0
0,189,84,186,401,92,0,0
0,189,79,190,403,97,0,0
0,191,78,191,401,97,0,0
0,193,79,189,399,96,0,0
0,193,79,189,399,96,0,0
0,193,79,189,399,96,0,0
0,193,79,189,399,96,0,0
0,193,79,189,399,96,0,0
0,193,79,189,399,96,0,0
0,193,79,189,399,96,0,0
0,193,79,189,399,96,0,0
0,193,79,189,399,96,0,0
0,223,99,159,364,76,0,0
0,228,101,156,358,75,0,0
0,229,98,158,359,78,0,0
0,229,104,153,356,72,0,0
0,230,107,150,354,69,0,0
0,227,109,148,356,67,0,0
0,226,113,145,356,63,0,0
0,226,114,144,355,62,0,0
0,227,114,144,354,62,0,0
0,227,114,144,354,62,0,0
0,228,115,142,353,61,0,0
0,227,114,144,354,62,0,0
0,228,114,143,353,62,0,0
0,228,115,142,353,61,0,0
0,228,115,142,353,61,0,0
0,224,116,143,356,59,0,0
0,225,115,143,356,60,0,0
0,218,118,143,361,56,0,0
0,216,123,139,362,51,0,0
0,211,126,139,365,48,0,0
0,206,128,139,370,46,0,0
0,205,132,136,369,42,0,0
0,199,133,138,375,42,0,0
0,192,134,141,381,43,0,0
0,190,135,142,383,43,0,0
0,183,134,147,390,48,0,0
0,182,135,146,390,48,0,0
0,181,137,145,391,47,0,0
0,179,142,143,391,44,0,0
0,181,145,139,389,41,0,0
0,181,148,137,388,38,0,0
0,181,148,137,388,38,0,0
0,181,148,137,388,38,0,0
0,181,150,135,388,37,0,0
0,181,151,135,387,37,0,0
0,182,157,130,385,32,0,0
0,183,167,122,382,27,0,0
0,195,181,104,368,16,0,0
0,195,181,104,368,16,0,0
0,195,181,104,368,16,0,0
0,195,181,104,368,16,0,0
0,180,203,103,380,41,0,0
0,183,195,105,377,34,0,0
0,184,198,102,376,35,0,0
0,183,199,103,377,36,0,0
0,181,199,104,379,38,0,0
0,179,200,106,381,40,0,0
0,179,210,101,380,47,0,0
0,178,213,101,381,50,0,0
0,177,219,100,381,55,0,0
0,179,224,96,379,58,0,0
0,176,225,99,382,61,0,0
0,177,231,97,381,65,0,0
0,178,236,95,380,69,0,0
0,181,240,91,377,72,0,0
0,190,245,82,368,73,0,0
0,191,253,81,367,81,0,0
0,197,253,75,361,80,0,0
0,197,252,75,361,79,0,0
0,197,252,75,361,79,0,0
0,199,254,73,359,80,0,0
0,203,255,69,355,81,0,0
0,203,254,69,355,80,0,0
0,201,254,71,357,80,0,0
0,204,253,68,354,79,0,0
0,211,252,61,347,78,0,0
0,208,252,64,350,78,0,0
0,208,252,64,350,78,0,0
0,213,251,59,345,77,0,0
0,210,252,62,348,78,0,0
0,209,252,63,349,78,0,0
0,210,251,62,348,77,0,0
0,210,250,62,348,76,0,0
0,209,250,63,349,76,0,0
0,208,250,64,350,76,0,0
0,208,249,64,350,75,0,0
0,205,249,67,353,75,0,0
0,197,251,75,361,78,0,0
0,192,253,80,366,81,0,0
0,189,252,83,369,80,0,0
0,192,249,80,366,77,0,0
0,183,253,89,375,83,0,0
0,166,254,106,392,91,0,0
0,162,254,110,396,93,0,0
0,153,256,119,405,99,0,0
0,150,261,122,408,105,0,0
0,142,269,131,416,116,0,0
0,134,275,140,425,126,0,0
0,124,277,150,435,134,0,0
0,119,280,155,440,139,0,0
0,110,282,164,449,147,0,0
0,97,281,177,462,155,0,0
0,99,286,176,461,157,0,0
0,100,291,176,460,160,0,0
0,103,294,174,457,160,0,0
0,103,294,174,457,160,0,0
0,103,294,174,457,160,0,0
0,103,294,174,457,160,0,0
0,103,294,174,457,160,0,0
0,103,294,174,457,160,0,0
0,103,294,174,457,160,0,0
0,103,294,174,457,160,0,0
0,103,294,174,457,160,0,0
0,103,294,174,457,160,0,0
0,103,294,174,457,160,0,0
0,103,294,174,457,160,0,0
0,103,294,174,457,160,0,0
0,103,294,174,457,160,0,0
0,103,294,174,457,160,0,0
0,103,294,174,457,160,0,0
0,103,294,174,457,160,0,0
0,103,294,174,457,160,0,0
0,103,294,174,457,160,0,0
0,352,294,90,212,185,0,0
0,368,286,102,195,193,0,0
0,384,276,114,177,201,0,0
0,405,269,134,155,216,0,0
0,419,264,147,140,227,0,0
0,432,261,160,127,238,0,0
0,432,261,160,127,238,0,0
0,439,254,167,119,242,0,0
0,446,253,174,112,248,0,0
0,451,250,179,107,252,0,0
0,460,247,188,98,260,0,0
0,472,239,200,86,269,0,0
0,482,240,210,76,279,0,0
0,482,240,210,76,279,0,0
0,488,225,217,72,282,0,0
0,490,227,219,69,284,0,0
0,492,226,221,67,286,0,0
0,495,223,224,65,289,0,0
0,495,221,225,66,288,0,0
0,496,222,225,65,290,0,0
0,497,221,226,64,290,0,0
0,499,216,229,64,292,0,0
0,498,216,228,65,291,0,0
0,500,214,230,64,292,0,0
0,498,214,229,66,290,0,0
0,504,209,235,63,296,0,0
0,504,209,235,63,296,0,0
0,517,211,248,51,309,0,0
0,518,204,250,55,309,0,0
0,524,203,256,51,315,0,0
0,528,200,261,51,319,0,0
0,531,196,264,53,321,0,0
0,535,196,268,51,325,0,0
0,535,197,268,50,325,0,0
0,535,198,268,49,325,0,0
0,533,198,266,50,323,0,0
0,534,196,267,51,324,0,0
0,534,195,267,52,324,0,0
0,532,197,265,51,322,0,0
0,533,197,266,51,323,0,0
0,533,198,266,50,323,0,0
0,533,197,266,51,323,0,0
0,536,196,269,50,326,0,0
0,536,197,269,50,326,0,0
0,535,197,268,50,325,0,0
0,540,193,274,52,330,0,0
0,536,197,269,50,326,0,0
0,534,199,267,49,324,0,0
0,536,198,269,49,326,0,0
0,535,198,268,49,325,0,0
0,542,193,276,51,332,0,0
0,540,194,273,51,330,0,0
0,539,194,273,51,329,0,0
0,532,197,265,51,322,0,0
0,536,195,269,51,326,0,0
0,536,195,269,51,326,0,0
0,536,196,269,50,326,0,0
0,543,196,276,48,333,0,0
0,542,194,275,50,332,0,0
0,541,194,274,50,331,0,0
0,542,192,276,52,332,0,0
0,542,191,276,53,332,0,0
0,543,189,278,55,333,0,0
0,544,190,278,53,334,0,0
0,544,192,278,51,334,0,0
0,543,192,277,52,333,0,0
0,545,190,279,53,335,0,0
0,545,191,279,52,335,0,0
0,544,191,278,52,334,0,0
0,541,193,275,51,331,0,0
0,542,194,275,50,332,0,0
0,538,200,270,46,329,0,0
0,543,192,277,52,333,0,0
0,543,193,277,51,333,0,0
0,542,192,276,52,332,0,0
0,545,195,278,48,335,0,0
0,543,195,276,49,333,0,0
0,552,196,285,46,342,0,0
0,544,197,277,47,334,0,0
0,544,196,277,48,334,0,0
0,541,198,274,47,331,0,0
0,536,195,269,51,326,0,0
0,531,198,264,51,321,0,0
0,536,197,269,50,326,0,0
0,536,201,268,46,327,0,0
0,536,205,267,43,327,0,0
0,536,205,267,43,327,0,0
0,507,197,241,68,297,0,0
0,504,196,238,70,294,0,0
0,501,199,234,71,292,0,0
0,501,197,235,72,291,0,0
0,498,204,230,71,289,0,0
0,497,213,228,67,289,0,0
0,498,219,228,64,291,0,0
0,500,223,229,61,294,0,0
0,500,223,229,61,294,0,0
0,502,226,231,58,296,0,0
0,502,230,230,57,297,0,0
0,503,229,232,56,298,0,0
0,498,224,227,62,292,0,0
0,496,227,225,63,290,0,0
0,489,229,218,70,284,0,0
0,488,233,216,70,284,0,0
0,483,231,211,75,278,0,0
0,464,237,192,94,261,0,0
0,464,239,192,94,262,0,0
0,462,245,190,96,261,0,0
0,456,244,184,102,255,0,0
0,447,247,175,111,247,0,0
0,445,250,173,113,246,0,0
0,442,257,170,116,246,0,0
0,437,264,165,122,244,0,0
0,435,268,163,125,243,0,0
0,435,276,164,127,247,0,0
0,435,276,164,127,247,0,0
0,435,276,164,127,247,0,0
0,435,276,164,127,247,0,0
0,428,300,163,142,251,0,0
0,428,300,163,142,251,0,0
0,386,305,126,183,219,0,0
0,386,305,126,183,219,0,0
0,386,305,126,183,219,0,0
0,386,305,126,183,219,0,0
0,386,305,126,183,219,0,0
0,386,305,126,183,219,0,0
0,386,305,126,183,219,0,0
0,386,305,126,183,219,0,0
0,386,305,126,183,219,0,0
0,386,305,126,183,219,0,0
0,386,305,126,183,219,0,0
0,386,305,126,183,219,0,0
0,386,305,126,183,219,0,0
0,386,305,126,183,219,0,0
0,386,305,126,183,219,0,0
0,386,305,126,183,219,0,0
0,386,305,126,183,219,0,0
0,386,305,126,183,219,0,0
0,386,305,126,183,219,0,0
0,386,305,126,183,219,0,0
0,386,305,126,183,219,0,0
0,106,285,169,454,152,0,0
0,108,278,166,451,145,0,0
0,112,273,161,447,139,0,0
0,117,268,155,441,132,0,0
0,117,268,155,441,132,0,0
0,136,257,136,422,111,0,0
0,132,253,140,426,111,0,0
0,133,252,139,425,109,0,0
0,137,252,135,421,106,0,0
0,139,247,133,419,101,0,0
0,143,240,129,415,94,0,0
0,149,234,124,409,85,0,0
0,154,233,119,404,81,0,0
0,155,229,119,403,77,0,0
0,163,227,111,395,70,0,0
0,165,225,110,393,68,0,0
0,167,221,109,391,63,0,0
0,171,219,105,387,59,0,0
0,179,217,99,379,53,0,0
0,183,205,100,376,41,0,0
0,185,189,106,376,29,0,0
0,184,177,114,379,26,0,0
0,184,167,121,381,26,0,0
0,185,166,121,380,26,0,0
0,184,160,126,382,29,0,0
0,185,157,128,382,30,0,0
0,185,157,128,382,30,0,0
0,183,152,133,385,34,0,0
0,181,146,138,389,40,0,0
0,179,139,145,392,46,0,0
0,183,137,144,389,45,0,0
0,183,139,143,388,44,0,0
0,183,139,143,388,44,0,0
0,183,139,143,388,44,0,0
0,183,139,143,388,44,0,0
0,200,125,145,376,50,0,0
0,201,119,149,377,55,0,0
0,201,119,149,377,55,0,0
0,201,119,149,377,55,0,0
0,201,119,149,377,55,0,0
0,201,119,149,377,55,0,0
0,201,119,149,377,55,0,0
0,201,119,149,377,55,0,0
0,201,119,149,377,55,0,0
0,201,119,149,377,55,0,0
0,201,119,149,377,55,0,0
0,187,91,181,400,86,0,0
0,180,88,187,408,91,0,0
0,180,88,187,408,91,0,0
0,180,88,187,408,91,0,0
0,180,88,187,408,91,0,0
0,177,96,181,408,84,0,0
0,177,96,181,408,84,0,0
0,177,96,181,408,84,0,0
0,177,96,181,408,84,0,0
0,177,96,181,408,84,0,0
0,177,96,181,408,84,0,0
0,177,96,181,408,84,0,0
0,177,96,181,408,84,0,0
0,177,96,181,408,84,0,0
0,177,96,181,408,84,0,0
0,177,96,181,408,84,0,0
0,177,96,181,408,84,0,0
0,177,96,181,408,84,0,0
0,177,96,181,408,84,0,0
0,177,96,181,408,84,0,0
0,177,96,181,408,84,0,0
0,177,96,181,408,84,0,0
0,177,96,181,408,84,0,0
0,177,96,181,408,84,0,0
0,177,96,181,408,84,0,0
0,177,96,181,408,84,0,0
0,177,96,181,408,84,0,0
0,177,96,181,408,84,0,0
0,177,96,181,408,84,0,0
0,177,96,181,408,84,0,0
0,177,96,181,408,84,0,0
0,177,96,181,408,84,0,0
0,177,96,181,408,84,0,0
0,177,96,181,408,84,0,0
0,146,80,212,442,113,0,0
0,146,80,212,442,113,0,0
0,146,80,212,442,113,0,0
0,146,80,212,442,113,0,0
0,146,80,212,442,113,0,0
0,146,80,212,442,113,0,0
0,146,80,212,442,113,0,0
0,146,80,212,442,113,0,0
0,146,80,212,442,113,0,0
0,146,80,212,442,113,0,0
0,146,80,212,442,113,0,0
0,146,80,212,442,113,0,0
0,180,93,182,406,86,0,0
0,183,95,179,402,83,0,0
0,185,95,178,400,82,0,0
0,187,101,172,396,76,0,0
0,187,101,172,396,76,0,0
0,187,101,172,396,76,0,0
0,187,101,172,396,76,0,0
0,187,101,172,396,76,0,0
0,213,96,165,374,78,0,0
0,213,96,165,374,78,0,0
0,226,101,156,360,74,0,0
0,229,108,149,355,68,0,0
0,235,108,147,349,70,0,0
0,233,109,147,351,68,0,0
0,235,107,148,350,71,0,0
0,235,108,147,349,70,0,0
0,235,111,144,348,67,0,0
0,235,112,143,348,66,0,0
0,234,112,144,349,66,0,0
0,234,112,144,349,66,0,0
0,234,114,142,348,64,0,0
0,234,114,142,348,64,0,0
0,233,112,144,350,66,0,0
0,234,112,144,349,66,0,0
0,234,113,143,348,65,0,0
0,234,110,146,349,68,0,0
0,232,111,145,351,66,0,0
0,232,112,144,350,65,0,0
0,233,113,143,349,65,0,0
0,233,114,142,349,64,0,0
0,230,116,141,351,61,0,0
0,233,116,140,348,62,0,0
0,212,119,144,367,55,0,0
0,206,120,146,372,54,0,0
0,206,122,144,371,52,0,0
0,206,123,144,371,51,0,0
0,206,123,144,371,51,0,0
0,197,122,149,380,53,0,0
0,197,122,149,380,53,0,0
0,197,122,149,380,53,0,0
0,197,122,149,380,53,0,0
0,180,149,137,389,39,0,0
0,181,151,135,387,37,0,0
0,177,148,140,392,42,0,0
0,177,152,137,391,39,0,0
0,176,151,138,392,41,0,0
0,177,150,138,391,40,0,0
0,176,150,139,392,41,0,0
0,177,160,131,389,35,0,0
0,178,168,125,387,32,0,0
0,178,183,116,384,33,0,0
0,177,197,109,383,40,0,0
0,178,196,108,382,38,0,0
0,176,201,108,384,43,0,0
0,174,206,107,385,48,0,0
0,169,213,109,390,56,0,0
0,167,214,111,392,58,0,0
0,163,206,117,396,56,0,0
0,161,221,114,397,67,0,0
0,159,232,114,399,77,0,0
0,158,238,114,400,82,0,0
0,152,240,120,406,87,0,0
0,150,246,122,408,93,0,0
0,149,247,123,409,95,0,0
0,144,252,128,414,102,0,0
0,137,256,135,421,109,0,0
0,136,260,136,422,113,0,0
0,137,264,135,421,115,0,0
0,134,273,139,425,124,0,0
0,121,279,153,438,137,0,0
0,111,285,164,449,148,0,0
0,104,290,172,456,157,0,0
0,101,291,175,459,159,0,0
0,100,292,176,460,161,0,0
0,100,292,176,460,161,0,0
0,100,292,176,460,161,0,0
0,100,292,176,460,161,0,0
0,100,292,176,460,161,0,0
0,100,292,176,460,161,0,0
0,100,292,176,460,161,0,0
0,100,292,176,460,161,0,0
0,100,292,176,460,161,0,0
0,100,292,176,460,161,0,0
0,100,292,176,460,161,0,0
0,100,292,176,460,161,0,0
0,100,292,176,460,161,0,0
0,100,292,176,460,161,0,0
0,100,292,176,460,161,0,0
0,100,292,176,460,161,0,0
0,100,292,176,460,161,0,0
0,100,292,176,460,161,0,0
0,100,292,176,460,161,0,0
0,383,288,117,180,207,0,0
0,400,285,132,163,220,0,0
0,400,285,132,163,220,0,0
0,416,270,145,144,227,0,0
0,415,267,143,145,225,0,0
0,420,262,148,139,227,0,0
0,420,262,148,139,227,0,0
0,419,253,147,139,223,0,0
0,416,250,144,142,219,0,0
0,404,250,132,154,208,0,0
0,404,250,132,154,208,0,0
0,389,242,117,169,191,0,0
0,389,240,117,169,190,0,0
0,392,235,121,166,191,0,0
0,387,234,116,171,186,0,0
0,387,234,116,171,186,0,0
0,387,234,116,171,186,0,0
0,378,233,107,180,178,0,0
0,377,232,106,181,176,0,0
0,376,232,105,182,175,0,0
0,376,232,105,182,175,0,0
0,378,232,107,180,177,0,0
0,378,232,107,180,177,0,0
0,380,233,109,178,179,0,0
0,381,234,110,177,181,0,0
0,381,233,110,177,180,0,0
0,381,234,110,177,181,0,0
0,380,234,109,178,180,0,0
0,379,233,108,179,179,0,0
0,378,233,107,180,178,0,0
0,379,233,108,179,179,0,0
0,379,232,108,179,178,0,0
0,379,231,108,179,178,0,0
0,380,232,109,178,179,0,0
0,380,232,109,178,179,0,0
0,378,232,107,180,177,0,0
0,377,228,107,181,175,0,0
0,376,228,106,182,174,0,0
0,374,226,105,184,172,0,0
0,374,227,104,184,172,0,0
0,373,226,104,185,171,0,0
0,373,226,104,185,171,0,0
0,374,227,104,184,172,0,0
0,371,226,102,187,169,0,0
0,370,226,101,188,168,0,0
0,373,226,104,185,171,0,0
0,373,226,104,185,171,0,0
0,371,228,101,187,169,0,0
0,361,229,91,197,160,0,0
0,358,229,88,200,157,0,0
0,354,232,84,204,155,0,0
0,352,236,81,206,154,0,0
0,353,238,82,205,156,0,0
0,352,240,80,206,156,0,0
0,351,244,79,207,157,0,0
0,354,246,82,204,160,0,0
0,351,248,79,207,159,0,0
0,347,248,75,211,155,0,0
0,348,250,76,210,157,0,0
0,343,250,71,215,153,0,0
0,343,250,71,215,153,0,0
0,344,252,72,214,155,0,0
0,341,251,69,217,151,0,0
0,340,250,68,218,150,0,0
0,346,250,74,212,155,0,0
0,345,250,73,213,154,0,0
0,345,251,73,213,155,0,0
0,347,249,75,211,156,0,0
0,345,250,73,213,154,0,0
0,346,249,74,212,155,0,0
0,348,250,76,210,157,0,0
0,349,250,77,209,158,0,0
0,347,249,75,211,156,0,0
0,348,251,76,210,158,0,0
0,350,243,78,208,156,0,0
0,351,234,80,207,153,0,0
0,349,236,78,209,152,0,0
0,348,234,77,210,150,0,0
0,348,234,77,210,150,0,0
0,347,230,77,211,148,0,0
0,348,231,78,210,149,0,0
0,347,232,77,211,148,0,0
0,347,231,77,211,148,0,0
0,346,232,76,212,147,0,0
0,351,232,81,207,152,0,0
0,348,232,78,210,149,0,0
0,349,232,79,209,150,0,0
0,355,231,85,203,155,0,0
0,348,232,78,210,149,0,0
0,354,234,83,204,156,0,0
0,358,238,86,200,161,0,0
0,354,240,82,204,158,0,0
0,354,240,82,204,158,0,0
0,356,240,84,202,160,0,0
0,358,239,86,200,161,0,0
0,359,238,87,199,162,0,0
0,359,238,87,199,162,0,0
0,360,238,88,198,163,0,0
0,364,239,92,194,167,0,0
0,372,241,100,186,175,0,0
0,372,239,100,186,174,0,0
0,370,240,98,188,173,0,0
0,371,240,99,187,174,0,0
0,379,243,107,179,182,0,0
0,388,245,116,170,191,0,0
0,394,249,122,164,198,0,0
0,398,255,126,160,204,0,0
0,406,260,134,153,214,0,0
0,411,267,139,149,221,0,0
0,413,276,143,148,227,0,0
0,418,286,150,146,236,0,0
0,427,290,159,139,246,0,0
0,432,296,166,137,253,0,0
0,432,296,166,137,253,0,0
0,430,301,165,140,254,0,0
0,432,303,168,139,256,0,0
0,432,303,168,139,256,0,0
0,434,306,171,139,260,0,0
0,433,307,170,140,259,0,0
0,433,307,170,140,259,0,0
0,433,307,170,140,259,0,0
0,433,307,170,140,259,0,0
0,433,307,170,140,259,0,0
0,433,307,170,140,259,0,0
0,433,307,170,140,259,0,0
0,433,307,170,140,259,0,0
0,427,258,155,131,232,0,0
0,426,252,154,132,229,0,0
0,427,242,155,131,227,0,0
0,423,233,152,135,221,0,0
0,421,232,150,137,218,0,0
0,424,231,153,134,221,0,0
0,427,230,156,131,224,0,0
0,430,228,159,128,226,0,0
0,430,227,159,128,226,0,0
0,428,227,157,130,224,0,0
0,426,226,156,132,222,0,0
0,422,227,151,136,218,0,0
0,422,226,152,136,218,0,0
0,421,224,151,138,216,0,0
0,427,217,158,133,221,0,0
0,431,222,161,128,226,0,0
0,437,226,166,122,232,0,0
0,440,230,169,118,236,0,0
0,452,225,181,107,247,0,0
0,457,223,187,102,251,0,0
0,469,212,200,93,261,0,0
0,479,209,211,85,271,0,0
0,491,210,222,74,283,0,0
0,506,211,237,60,298,0,0
0,506,211,237,60,298,0,0
0,521,212,252,47,313,0,0
0,520,208,251,50,311,0,0
0,523,208,254,48,314,0,0
0,524,205,256,50,315,0,0
0,526,205,258,48,317,0,0
0,529,203,261,48,320,0,0
0,531,207,262,44,322,0,0
0,534,205,266,44,325,0,0
0,535,204,267,44,326,0,0
0,539,199,272,47,329,0,0
0,540,198,273,47,330,0,0
0,539,200,271,46,330,0,0
0,541,202,273,43,332,0,0
0,540,202,272,43,331,0,0
0,542,202,274,43,333,0,0
0,540,202,272,43,331,0,0
0,540,204,272,42,331,0,0
0,541,203,273,42,332,0,0
0,541,202,273,43,332,0,0
0,543,203,275,41,334,0,0
0,542,202,274,43,333,0,0
0,543,202,275,42,334,0,0
0,542,202,274,43,333,0,0
0,542,201,274,44,333,0,0
0,541,201,273,44,332,0,0
0,539,200,271,46,330,0,0
0,540,200,272,45,331,0,0
0,542,200,274,44,333,0,0
0,542,201,274,44,333,0,0
0,543,200,275,44,334,0,0
0,544,200,276,44,335,0,0
0,543,201,275,43,334,0,0
0,543,200,275,44,334,0,0
0,542,201,274,44,333,0,0
0,542,201,274,44,333,0,0
0,543,202,275,42,334,0,0
0,542,201,274,44,333,0,0
0,542,202,274,43,333,0,0
0,544,201,276,43,335,0,0
0,542,202,274,43,333,0,0
0,542,203,274,42,333,0,0
0,541,203,273,42,332,0,0
0,541,203,273,42,332,0,0
0,540,201,272,44,331,0,0
0,541,201,273,44,332,0,0
0,541,201,273,44,332,0,0
0,540,201,272,44,331,0,0
0,540,202,272,43,331,0,0
0,540,200,272,45,331,0,0
0,541,200,273,45,332,0,0
0,542,200,274,44,333,0,0
0,540,199,272,46,330,0,0
0,539,204,271,42,330,0,0
0,539,202,271,44,330,0,0
0,538,205,269,42,329,0,0
0,536,205,267,43,327,0,0
0,539,206,270,40,330,0,0
0,539,202,271,44,330,0,0
0,540,201,272,44,331,0,0
0,539,205,270,41,330,0,0
0,542,201,274,44,333,0,0
0,542,202,274,43,333,0,0
0,541,202,273,43,332,0,0
0,538,205,269,42,329,0,0
0,540,205,271,41,331,0,0
0,538,205,269,42,329,0,0
0,541,205,272,40,332,0,0
0,538,205,269,42,329,0,0
0,540,206,271,40,331,0,0
0,534,203,266,45,325,0,0
0,534,205,266,44,325,0,0
0,539,205,270,41,330,0,0
0,545,202,277,42,336,0,0
0,546,206,277,37,337,0,0
0,546,207,277,37,337,0,0
0,542,209,273,36,333,0,0
0,547,210,278,33,338,0,0
0,546,210,277,34,337,0,0
0,547,211,277,32,339,0,0
0,541,212,271,34,333,0,0
0,541,217,271,30,333,0,0
0,536,218,266,32,328,0,0
0,528,219,257,37,321,0,0
0,528,226,257,34,322,0,0
0,526,226,255,35,320,0,0
0,525,225,254,37,319,0,0
0,525,223,254,38,318,0,0
0,524,223,253,38,317,0,0
0,517,232,245,42,312,0,0
0,516,234,244,42,311,0,0
0,516,239,244,42,312,0,0
0,517,241,245,41,314,0,0
0,517,241,245,41,314,0,0
0,517,257,245,43,318,0,0
0,515,263,243,47,317,0,0
0,514,270,242,52,318,0,0
0,514,277,243,56,320,0,0
0,514,281,243,58,322,0,0
0,515,281,244,58,323,0,0
0,517,280,246,55,324,0,0
0,519,279,248,53,326,0,0
0,519,279,248,53,326,0,0
0,518,277,247,53,324,0,0
0,518,277,247,53,324,0,0
0,518,277,247,53,324,0,0
0,518,277,247,53,324,0,0
0,518,277,247,53,324,0,0
0,518,277,247,53,324,0,0
0,511,265,239,52,314,0,0
0,504,260,232,56,306,0,0
0,499,256,227,60,300,0,0
0,494,253,222,64,294,0,0
0,488,253,216,70,289,0,0
0,478,242,206,80,276,0,0
0,473,234,201,85,269,0,0
0,465,232,193,93,261,0,0
0,457,231,186,101,253,0,0
0,454,231,183,104,250,0,0
